Workbook

Sheet Sheet1
A2: Store Code | B2: Name | C2: ROM | D2: RM
A3: THD8 | B3: Express Avenue Chennai | C3: =VLOOKUP($A:$A,'[1]June''26 MTD vs LY'!$A:$BY,13,0) -> Divya Lakshmi | D3: Yogesh
A4: THE0 | B4: PMC Bangalore | C4: =VLOOKUP($A:$A,'[1]June''26 MTD vs LY'!$A:$BY,13,0) -> Ashlin Moses | D4: Bipro
A5: THE1 | B5: Elante Chandigarh | C5: =VLOOKUP($A:$A,'[1]June''26 MTD vs LY'!$A:$BY,13,0) -> Ajay Gill | D5: Bipro
A6: THE2 | B6: Alpha One Ahmedabad | C6: =VLOOKUP($A:$A,'[1]June''26 MTD vs LY'!$A:$BY,13,0) -> Shirish Mastud | D6: Yogesh
A7: THE4 | B7: PMC Pune | C7: =VLOOKUP($A:$A,'[1]June''26 MTD vs LY'!$A:$BY,13,0) -> Chetan | D7: Yogesh
A8: THE9 | B8: Viviana Thane | C8: =VLOOKUP($A:$A,'[1]June''26 MTD vs LY'!$A:$BY,13,0) -> Shirish Mastud | D8: Yogesh
A9: THF0 | B9: PMC Chennai | C9: =VLOOKUP($A:$A,'[1]June''26 MTD vs LY'!$A:$BY,13,0) -> Divya Lakshmi | D9: Yogesh
A10: THF1 | B10: Brookfields Coimbatore | C10: =VLOOKUP($A:$A,'[1]June''26 MTD vs LY'!$A:$BY,13,0) -> Divya Lakshmi | D10: Yogesh
A11: THF2 | B11: Logix Mall Noida | C11: =VLOOKUP($A:$A,'[1]June''26 MTD vs LY'!$A:$BY,13,0) -> Lalit Mohan | D11: Bipro
A12: THF4 | B12: Quest Kolkatta | C12: =VLOOKUP($A:$A,'[1]June''26 MTD vs LY'!$A:$BY,13,0) -> Chetan | D12: Yogesh
A13: THF6 | B13: Mumbai T2D Airport | C13: =VLOOKUP($A:$A,'[1]June''26 MTD vs LY'!$A:$BY,13,0) -> Shirish Mastud | D13: Yogesh
A14: THF9 | B14: Amb Gurg Delhi | C14: =VLOOKUP($A:$A,'[1]June''26 MTD vs LY'!$A:$BY,13,0) -> Ajay Gill | D14: Bipro
... A115: TL6C | B115: Rowan Marina Mall- T4IS | C115: =VLOOKUP($A:$A,'[1]June''26 MTD vs LY'!$A:$BY,13,0) -> Divya Lakshmi | D115: Yogesh
A116: TL6N | B116: Rowan Jamnagar | C116: Shirish Mastud | D116: Yogesh
A117: TB6V | B117: Unity Elegante | C117: =VLOOKUP($A:$A,'[1]June''26 MTD vs LY'!$A:$BY,13,0) -> Ajay Gill | D117: Bipro
A118: TF5Y | B118: Oberoi Borivali | C118: =VLOOKUP($A:$A,'[1]June''26 MTD vs LY'!$A:$BY,13,0) -> Shirish Mastud | D118: Yogesh
A119: TL9A | B119: Lullu Bangalore | C119: =VLOOKUP($A:$A,'[1]June''26 MTD vs LY'!$A:$BY,13,0) -> Ashlin Moses | D119: Bipro
A120: TBIM | B120: Zora Mall | C120: =VLOOKUP($A:$A,'[1]June''26 MTD vs LY'!$A:$BY,13,0) -> Shirish Mastud | D120: Yogesh
A121: TBAV | B121: LAKESHORE | C121: =VLOOKUP($A:$A,'[1]June''26 MTD vs LY'!$A:$BY,13,0) -> Ashlin Moses | D121: Bipro
A122: TM1F | B122: Model Town Jalandhar | C122: =VLOOKUP($A:$A,'[1]June''26 MTD vs LY'!$A:$BY,13,0) -> Lalit Mohan | D122: Bipro
A123: TM1H | B123: Pacific Faridabad | C123: =VLOOKUP($A:$A,'[1]June''26 MTD vs LY'!$A:$BY,13,0) -> Ajay Gill | D123: Bipro
A124: TBC7 | B124: Creekside Doraha | C124: =VLOOKUP($A:$A,'[1]June''26 MTD vs LY'!$A:$BY,13,0) -> Lalit Mohan | D124: Bipro
